image_file,page,page_reference,bbox_points_left_top_right_bottom,source_xref,transparency_mask_xref,associated_product_or_page_section
images/img_001_p01_xref22.png,1,Cover / project overview,"51.85, 761.91, 296.16, 816.1",22,29,Cover / project overview
images/img_002_p01_xref23.png,1,Cover / project overview,"28.93, 27.29, 668.32, 542.02",23,30,Cover / project overview
images/img_003_p01_xref24.png,1,Cover / project overview,"736.46, 108.14, 1146.2, 394.48",24,31,Cover / project overview
images/img_004_p01_xref25.png,1,Cover / project overview,"648.63, 404.49, 1155.9, 711.16",25,32,Cover / project overview
images/img_005_p01_xref26.png,1,Cover / project overview,"325.5, 552.4, 619.84, 738.88",26,,Cover / project overview
images/img_006_p01_xref27.png,1,Cover / project overview,"29.25, 551.27, 316.58, 738.49",27,,Cover / project overview
images/img_007_p02_xref47.png,2,A.01 Current-space photographs,"1101.4, 34.22, 1163.31, 91.13",47,,A.01 Current-space photographs
images/img_008_p02_xref48.png,2,A.01 Current-space photographs,"53.5, 151.03, 1083.1, 672.32",48,51,A.01 Current-space photographs
images/img_007_p02_xref47.png,3,A.02 Current-spec plan,"1101.4, 34.22, 1163.31, 91.13",47,,A.02 Current-spec plan
images/img_009_p03_xref67.png,3,A.02 Current-spec plan,"76.09, 158.0, 1061.17, 659.46",67,68,A.02 Current-spec plan
images/img_007_p02_xref47.png,4,A.03 Plan-view specifications,"1101.4, 34.22, 1163.31, 91.13",47,,A.03 Plan-view specifications
images/img_010_p04_xref85.png,4,A.03 Plan-view specifications,"76.09, 152.11, 1061.17, 708.35",85,87,A.03 Plan-view specifications
images/img_011_p04_xref86.png,4,A.03 Plan-view specifications,"203.2, 657.13, 487.38, 800.43",86,88,A.03 Plan-view specifications
images/img_007_p02_xref47.png,5,A.04 Electrical plan,"1101.4, 34.22, 1163.31, 91.13",47,,A.04 Electrical plan
images/img_012_p05_xref106.png,5,A.04 Electrical plan,"200.47, 88.87, 994.4, 580.17",106,109,A.04 Electrical plan
images/img_013_p05_xref107.png,5,A.04 Electrical plan,"888.65, 331.77, 945.31, 366.21",107,,A.04 Electrical plan
images/img_014_p05_xref108.png,5,A.04 Electrical plan,"877.05, 693.54, 995.18, 800.16",108,,A.04 Electrical plan
images/img_007_p02_xref47.png,6,A.05 Cabinet layout plan,"1101.4, 34.22, 1163.31, 91.13",47,,A.05 Cabinet layout plan
images/img_015_p06_xref124.png,6,A.05 Cabinet layout plan,"88.19, 49.18, 1064.52, 752.36",124,125,A.05 Cabinet layout plan
images/img_007_p02_xref47.png,7,A.06 Cabinet specifications,"1101.4, 34.22, 1163.31, 91.13",47,,A.06 Cabinet specifications
images/img_016_p07_xref139.png,7,A.06 Cabinet specifications,"79.75, 57.6, 1065.05, 768.65",139,140,A.06 Cabinet specifications
images/img_007_p02_xref47.png,8,A.07 Cabinet details and hardware,"1101.4, 34.22, 1163.31, 91.13",47,,A.07 Cabinet details and hardware
images/img_017_p08_xref160.png,8,A.07 Cabinet details and hardware,"63.45, 145.54, 686.46, 372.88",160,165,A.07 Cabinet details and hardware
images/img_018_p08_xref161.png,8,A.07 Cabinet details and hardware,"73.68, 457.85, 489.94, 736.75",161,166,A.07 Cabinet details and hardware
images/img_019_p08_xref162.png,8,A.07 Cabinet details and hardware,"708.31, 403.82, 1071.6, 654.37",162,167,A.07 Cabinet details and hardware
images/img_020_p08_xref163.png,8,A.07 Cabinet details and hardware,"703.41, 135.35, 1065.72, 367.91",163,168,A.07 Cabinet details and hardware
images/img_021_p08_xref164.png,8,A.07 Cabinet details and hardware,"891.0, 671.41, 1065.84, 771.53",164,169,Cabinet hardware detail / product image (also appears on A.07)
images/img_007_p02_xref47.png,9,A.08 Countertop and backsplash specifications,"1101.4, 34.22, 1163.31, 91.13",47,,A.08 Countertop and backsplash specifications
images/img_022_p09_xref190.png,9,A.08 Countertop and backsplash specifications,"39.23, 60.25, 516.06, 595.24",190,194,A.08 Countertop and backsplash specifications
images/img_023_p09_xref191.png,9,A.08 Countertop and backsplash specifications,"425.55, 485.32, 1093.2, 795.22",191,195,A.08 Countertop and backsplash specifications
images/img_024_p09_xref192.png,9,A.08 Countertop and backsplash specifications,"534.76, 89.91, 935.34, 287.85",192,196,A.08 Countertop and backsplash specifications
images/img_025_p09_xref193.png,9,A.08 Countertop and backsplash specifications,"738.4, 294.77, 1029.97, 482.68",193,197,A.08 Countertop and backsplash specifications
images/img_007_p02_xref47.png,10,A.09 Sink-wall elevation,"1101.4, 34.22, 1163.31, 91.13",47,,A.09 Sink-wall elevation
images/img_026_p10_xref221.png,10,A.09 Sink-wall elevation,"71.57, 366.7, 1058.48, 678.23",221,227,A.09 Sink-wall elevation
images/img_027_p10_xref222.png,10,A.09 Sink-wall elevation,"71.65, 52.84, 646.37, 350.33",222,228,A.09 Sink-wall elevation
images/img_028_p10_xref223.png,10,A.09 Sink-wall elevation,"105.66, 655.66, 248.87, 792.65",223,229,A.09 Sink-wall elevation
images/img_029_p10_xref224.png,10,A.09 Sink-wall elevation,"653.21, 211.32, 885.39, 338.58",224,230,A.09 Sink-wall elevation
images/img_030_p10_xref225.png,10,A.09 Sink-wall elevation,"890.7, 216.76, 1023.68, 362.81",225,231,A.09 Sink-wall elevation
images/img_031_p10_xref226.png,10,A.09 Sink-wall elevation,"551.02, 708.43, 778.21, 810.33",226,232,A.09 Sink-wall elevation
images/img_007_p02_xref47.png,11,A.10 Sink-wall elevation specifications,"1101.4, 34.22, 1163.31, 91.13",47,,A.10 Sink-wall elevation specifications
images/img_032_p11_xref247.png,11,A.10 Sink-wall elevation specifications,"58.86, 185.26, 1079.58, 641.18",247,248,A.10 Sink-wall elevation specifications
images/img_007_p02_xref47.png,12,A.11 Range-wall elevation,"1101.4, 34.22, 1163.31, 91.13",47,,A.11 Range-wall elevation
images/img_033_p12_xref264.png,12,A.11 Range-wall elevation,"80.29, 85.6, 1004.72, 660.88",264,265,A.11 Range-wall elevation
images/img_005_p01_xref26.png,12,A.11 Range-wall elevation,"52.76, 39.65, 372.04, 258.71",26,,A.11 Range-wall elevation
images/img_007_p02_xref47.png,13,A.12 Range-wall elevation specifications,"1101.4, 34.22, 1163.31, 91.13",47,,A.12 Range-wall elevation specifications
images/img_034_p13_xref282.png,13,A.12 Range-wall elevation specifications,"99.1, 114.83, 1026.95, 625.39",282,284,A.12 Range-wall elevation specifications
images/img_035_p13_xref283.png,13,A.12 Range-wall elevation specifications,"48.41, 93.31, 1069.61, 695.52",283,285,A.12 Range-wall elevation specifications
images/img_007_p02_xref47.png,14,A.13 Peninsula kitchen-side elevation,"1101.4, 34.22, 1163.31, 91.13",47,,A.13 Peninsula kitchen-side elevation
images/img_036_p14_xref301.png,14,A.13 Peninsula kitchen-side elevation,"362.88, 35.31, 1085.47, 510.1",301,303,A.13 Peninsula kitchen-side elevation
images/img_037_p14_xref302.png,14,A.13 Peninsula kitchen-side elevation,"52.81, 449.58, 493.57, 797.34",302,304,A.13 Peninsula kitchen-side elevation
images/img_007_p02_xref47.png,15,A.14 Peninsula kitchen-side specifications,"1101.4, 34.22, 1163.31, 91.13",47,,A.14 Peninsula kitchen-side specifications
images/img_038_p15_xref319.png,15,A.14 Peninsula kitchen-side specifications,"211.82, 111.23, 961.29, 566.13",319,320,A.14 Peninsula kitchen-side specifications
images/img_007_p02_xref47.png,16,A.15 Peninsula dining-side elevation,"1101.4, 34.22, 1163.31, 91.13",47,,A.15 Peninsula dining-side elevation
images/img_039_p16_xref336.png,16,A.15 Peninsula dining-side elevation,"365.38, 39.67, 1082.88, 482.5",336,338,A.15 Peninsula dining-side elevation
images/img_040_p16_xref337.png,16,A.15 Peninsula dining-side elevation,"62.2, 490.79, 590.42, 799.22",337,339,A.15 Peninsula dining-side elevation
images/img_007_p02_xref47.png,17,A.16 Peninsula dining-side specifications,"1101.4, 34.22, 1163.31, 91.13",47,,A.16 Peninsula dining-side specifications
images/img_041_p17_xref355.png,17,A.16 Peninsula dining-side specifications,"208.21, 179.53, 920.88, 641.91",355,356,A.16 Peninsula dining-side specifications
images/img_007_p02_xref47.png,18,A.17 Cabinet-front options,"1101.4, 34.22, 1163.31, 91.13",47,,A.17 Cabinet-front options
images/img_042_p18_xref366.png,18,A.17 Cabinet-front options,"53.19, 101.27, 1080.96, 705.27",366,,A.17 Cabinet-front options
images/img_007_p02_xref47.png,19,A.18 Cabinet-front options,"1101.4, 34.22, 1163.31, 91.13",47,,A.18 Cabinet-front options
images/img_043_p19_xref376.png,19,A.18 Cabinet-front options,"51.06, 101.34, 1077.65, 707.34",376,,A.18 Cabinet-front options
images/img_007_p02_xref47.png,20,A.19 Cabinet-front options,"1101.4, 34.22, 1163.31, 91.13",47,,A.19 Cabinet-front options
images/img_044_p20_xref386.png,20,A.19 Cabinet-front options,"53.83, 118.64, 1081.83, 666.64",386,,A.19 Cabinet-front options
images/img_007_p02_xref47.png,21,A.20 Product sourcing,"1101.4, 34.22, 1163.31, 91.13",47,,A.20 Product sourcing
images/img_045_p21_xref426.png,21,A.20 Product sourcing,"465.3, 538.21, 684.2, 651.26",426,,Quartz countertop sample images
images/img_021_p08_xref164.png,21,A.20 Product sourcing,"375.27, 416.3, 578.1, 527.19",164,169,Cabinet hardware detail / product image (also appears on A.07)
images/img_046_p21_xref427.png,21,A.20 Product sourcing,"453.19, 72.36, 517.94, 191.15",427,,Drinking / reverse-osmosis faucet option image
images/img_047_p21_xref428.png,21,A.20 Product sourcing,"354.57, 37.0, 448.77, 191.87",428,,Main kitchen faucet option image
images/img_048_p21_xref429.png,21,A.20 Product sourcing,"218.0, 198.62, 660.22, 391.85",429,433,Apron-sink options composite
images/img_049_p21_xref430.png,21,A.20 Product sourcing,"208.95, 536.14, 455.19, 666.5",430,434,Quartz countertop sample images
images/img_050_p21_xref431.png,21,A.20 Product sourcing,"239.25, 672.45, 650.72, 801.91",431,435,Kitchen area rug image
images/img_051_p21_xref432.png,21,A.20 Product sourcing,"278.54, 470.31, 455.67, 524.86",432,436,Cabinet hardware product image
images/img_007_p02_xref47.png,22,A.21 Product sourcing,"1101.4, 34.22, 1163.31, 91.13",47,,A.21 Product sourcing
images/img_052_p22_xref468.png,22,A.21 Product sourcing,"214.81, 41.38, 680.68, 208.74",468,471,Sink pendant options composite
images/img_053_p22_xref469.png,22,A.21 Product sourcing,"275.58, 224.71, 611.59, 421.43",469,472,Terracotta floor-tile option image
images/img_054_p22_xref470.png,22,A.21 Product sourcing,"210.89, 435.9, 678.71, 598.07",470,473,Backsplash tile options composite
images/img_007_p02_xref47.png,23,A.22 Product sourcing,"1101.4, 34.22, 1163.31, 91.13",47,,A.22 Product sourcing
images/img_055_p23_xref495.png,23,A.22 Product sourcing,"314.16, 544.52, 620.57, 773.01",495,498,Counter-depth refrigerator / freezer alternatives composite
images/img_056_p23_xref496.png,23,A.22 Product sourcing,"310.59, 69.59, 636.39, 281.79",496,499,Induction range alternatives composite
images/img_057_p23_xref497.png,23,A.22 Product sourcing,"291.68, 305.21, 659.79, 535.39",497,,Recirculating hood insert image
